,TLDs
0,AAA
1,AARP
2,ABARTH
3,ABB
4,ABBOTT
5,ABBVIE
6,ABC
7,ABLE
8,ABOGADO
9,ABUDHABI
10,AC
11,ACADEMY
12,ACCENTURE
13,ACCOUNTANT
14,ACCOUNTANTS
15,ACO
16,ACTOR
17,AD
18,ADAC
19,ADS
20,ADULT
21,AE
22,AEG
23,AERO
24,AETNA
25,AF
26,AFL
27,AFRICA
28,AG
29,AGAKHAN
30,AGENCY
31,AI
32,AIG
33,AIRBUS
34,AIRFORCE
35,AIRTEL
36,AKDN
37,AL
38,ALFAROMEO
39,ALIBABA
40,ALIPAY
41,ALLFINANZ
42,ALLSTATE
43,ALLY
44,ALSACE
45,ALSTOM
46,AM
47,AMAZON
48,AMERICANEXPRESS
49,AMERICANFAMILY
50,AMEX
51,AMFAM
52,AMICA
53,AMSTERDAM
54,ANALYTICS
55,ANDROID
56,ANQUAN
57,ANZ
58,AO
59,AOL
60,APARTMENTS
61,APP
62,APPLE
63,AQ
64,AQUARELLE
65,AR
66,ARAB
67,ARAMCO
68,ARCHI
69,ARMY
70,ARPA
71,ART
72,ARTE
73,AS
74,ASDA
75,ASIA
76,ASSOCIATES
77,AT
78,ATHLETA
79,ATTORNEY
80,AU
81,AUCTION
82,AUDI
83,AUDIBLE
84,AUDIO
85,AUSPOST
86,AUTHOR
87,AUTO
88,AUTOS
89,AVIANCA
90,AW
91,AWS
92,AX
93,AXA
94,AZ
95,AZURE
96,BA
97,BABY
98,BAIDU
99,BANAMEX
100,BANANAREPUBLIC
101,BAND
102,BANK
103,BAR
104,BARCELONA
105,BARCLAYCARD
106,BARCLAYS
107,BAREFOOT
108,BARGAINS
109,BASEBALL
110,BASKETBALL
111,BAUHAUS
112,BAYERN
113,BB
114,BBC
115,BBT
116,BBVA
117,BCG
118,BCN
119,BD
120,BE
121,BEATS
122,BEAUTY
123,BEER
124,BENTLEY
125,BERLIN
126,BEST
127,BESTBUY
128,BET
129,BF
130,BG
131,BH
132,BHARTI
133,BI
134,BIBLE
135,BID
136,BIKE
137,BING
138,BINGO
139,BIO
140,BIZ
141,BJ
142,BLACK
143,BLACKFRIDAY
144,BLOCKBUSTER
145,BLOG
146,BLOOMBERG
147,BLUE
148,BM
149,BMS
150,BMW
151,BN
152,BNPPARIBAS
153,BO
154,BOATS
155,BOEHRINGER
156,BOFA
157,BOM
158,BOND
159,BOO
160,BOOK
161,BOOKING
162,BOSCH
163,BOSTIK
164,BOSTON
165,BOT
166,BOUTIQUE
167,BOX
168,BR
169,BRADESCO
170,BRIDGESTONE
171,BROADWAY
172,BROKER
173,BROTHER
174,BRUSSELS
175,BS
176,BT
177,BUGATTI
178,BUILD
179,BUILDERS
180,BUSINESS
181,BUY
182,BUZZ
183,BV
184,BW
185,BY
186,BZ
187,BZH
188,CA
189,CAB
190,CAFE
191,CAL
192,CALL
193,CALVINKLEIN
194,CAM
195,CAMERA
196,CAMP
197,CANCERRESEARCH
198,CANON
199,CAPETOWN
200,CAPITAL
201,CAPITALONE
202,CAR
203,CARAVAN
204,CARDS
205,CARE
206,CAREER
207,CAREERS
208,CARS
209,CASA
210,CASE
211,CASH
212,CASINO
213,CAT
214,CATERING
215,CATHOLIC
216,CBA
217,CBN
218,CBRE
219,CBS
220,CC
221,CD
222,CENTER
223,CEO
224,CERN
225,CF
226,CFA
227,CFD
228,CG
229,CH
230,CHANEL
231,CHANNEL
232,CHARITY
233,CHASE
234,CHAT
235,CHEAP
236,CHINTAI
237,CHRISTMAS
238,CHROME
239,CHURCH
240,CI
241,CIPRIANI
242,CIRCLE
243,CISCO
244,CITADEL
245,CITI
246,CITIC
247,CITY
248,CITYEATS
249,CK
250,CL
251,CLAIMS
252,CLEANING
253,CLICK
254,CLINIC
255,CLINIQUE
256,CLOTHING
257,CLOUD
258,CLUB
259,CLUBMED
260,CM
261,CN
262,CO
263,COACH
264,CODES
265,COFFEE
266,COLLEGE
267,COLOGNE
268,COM
269,COMCAST
270,COMMBANK
271,COMMUNITY
272,COMPANY
273,COMPARE
274,COMPUTER
275,COMSEC
276,CONDOS
277,CONSTRUCTION
278,CONSULTING
279,CONTACT
280,CONTRACTORS
281,COOKING
282,COOKINGCHANNEL
283,COOL
284,COOP
285,CORSICA
286,COUNTRY
287,COUPON
288,COUPONS
289,COURSES
290,CPA
291,CR
292,CREDIT
293,CREDITCARD
294,CREDITUNION
295,CRICKET
296,CROWN
297,CRS
298,CRUISE
299,CRUISES
300,CU
301,CUISINELLA
302,CV
303,CW
304,CX
305,CY
306,CYMRU
307,CYOU
308,CZ
309,DABUR
310,DAD
311,DANCE
312,DATA
313,DATE
314,DATING
315,DATSUN
316,DAY
317,DCLK
318,DDS
319,DE
320,DEAL
321,DEALER
322,DEALS
323,DEGREE
324,DELIVERY
325,DELL
326,DELOITTE
327,DELTA
328,DEMOCRAT
329,DENTAL
330,DENTIST
331,DESI
332,DESIGN
333,DEV
334,DHL
335,DIAMONDS
336,DIET
337,DIGITAL
338,DIRECT
339,DIRECTORY
340,DISCOUNT
341,DISCOVER
342,DISH
343,DIY
344,DJ
345,DK
346,DM
347,DNP
348,DO
349,DOCS
350,DOCTOR
351,DOG
352,DOMAINS
353,DOT
354,DOWNLOAD
355,DRIVE
356,DTV
357,DUBAI
358,DUNLOP
359,DUPONT
360,DURBAN
361,DVAG
362,DVR
363,DZ
364,EARTH
365,EAT
366,EC
367,ECO
368,EDEKA
369,EDU
370,EDUCATION
371,EE
372,EG
373,EMAIL
374,EMERCK
375,ENERGY
376,ENGINEER
377,ENGINEERING
378,ENTERPRISES
379,EPSON
380,EQUIPMENT
381,ER
382,ERICSSON
383,ERNI
384,ES
385,ESQ
386,ESTATE
387,ET
388,ETISALAT
389,EU
390,EUROVISION
391,EUS
392,EVENTS
393,EXCHANGE
394,EXPERT
395,EXPOSED
396,EXPRESS
397,EXTRASPACE
398,FAGE
399,FAIL
400,FAIRWINDS
401,FAITH
402,FAMILY
403,FAN
404,FANS
405,FARM
406,FARMERS
407,FASHION
408,FAST
409,FEDEX
410,FEEDBACK
411,FERRARI
412,FERRERO
413,FI
414,FIAT
415,FIDELITY
416,FIDO
417,FILM
418,FINAL
419,FINANCE
420,FINANCIAL
421,FIRE
422,FIRESTONE
423,FIRMDALE
424,FISH
425,FISHING
426,FIT
427,FITNESS
428,FJ
429,FK
430,FLICKR
431,FLIGHTS
432,FLIR
433,FLORIST
434,FLOWERS
435,FLY
436,FM
437,FO
438,FOO
439,FOOD
440,FOODNETWORK
441,FOOTBALL
442,FORD
443,FOREX
444,FORSALE
445,FORUM
446,FOUNDATION
447,FOX
448,FR
449,FREE
450,FRESENIUS
451,FRL
452,FROGANS
453,FRONTDOOR
454,FRONTIER
455,FTR
456,FUJITSU
457,FUN
458,FUND
459,FURNITURE
460,FUTBOL
461,FYI
462,GA
463,GAL
464,GALLERY
465,GALLO
466,GALLUP
467,GAME
468,GAMES
469,GAP
470,GARDEN
471,GAY
472,GB
473,GBIZ
474,GD
475,GDN
476,GE
477,GEA
478,GENT
479,GENTING
480,GEORGE
481,GF
482,GG
483,GGEE
484,GH
485,GI
486,GIFT
487,GIFTS
488,GIVES
489,GIVING
490,GL
491,GLASS
492,GLE
493,GLOBAL
494,GLOBO
495,GM
496,GMAIL
497,GMBH
498,GMO
499,GMX
500,GN
501,GODADDY
502,GOLD
503,GOLDPOINT
504,GOLF
505,GOO
506,GOODYEAR
507,GOOG
508,GOOGLE
509,GOP
510,GOT
511,GOV
512,GP
513,GQ
514,GR
515,GRAINGER
516,GRAPHICS
517,GRATIS
518,GREEN
519,GRIPE
520,GROCERY
521,GROUP
522,GS
523,GT
524,GU
525,GUARDIAN
526,GUCCI
527,GUGE
528,GUIDE
529,GUITARS
530,GURU
531,GW
532,GY
533,HAIR
534,HAMBURG
535,HANGOUT
536,HAUS
537,HBO
538,HDFC
539,HDFCBANK
540,HEALTH
541,HEALTHCARE
542,HELP
543,HELSINKI
544,HERE
545,HERMES
546,HGTV
547,HIPHOP
548,HISAMITSU
549,HITACHI
550,HIV
551,HK
552,HKT
553,HM
554,HN
555,HOCKEY
556,HOLDINGS
557,HOLIDAY
558,HOMEDEPOT
559,HOMEGOODS
560,HOMES
561,HOMESENSE
562,HONDA
563,HORSE
564,HOSPITAL
565,HOST
566,HOSTING
567,HOT
568,HOTELES
569,HOTELS
570,HOTMAIL
571,HOUSE
572,HOW
573,HR
574,HSBC
575,HT
576,HU
577,HUGHES
578,HYATT
579,HYUNDAI
580,IBM
581,ICBC
582,ICE
583,ICU
584,ID
585,IE
586,IEEE
587,IFM
588,IKANO
589,IL
590,IM
591,IMAMAT
592,IMDB
593,IMMO
594,IMMOBILIEN
595,IN
596,INC
597,INDUSTRIES
598,INFINITI
599,INFO
600,ING
601,INK
602,INSTITUTE
603,INSURANCE
604,INSURE
605,INT
606,INTERNATIONAL
607,INTUIT
608,INVESTMENTS
609,IO
610,IPIRANGA
611,IQ
612,IR
613,IRISH
614,IS
615,ISMAILI
616,IST
617,ISTANBUL
618,IT
619,ITAU
620,ITV
621,JAGUAR
622,JAVA
623,JCB
624,JE
625,JEEP
626,JETZT
627,JEWELRY
628,JIO
629,JLL
630,JM
631,JMP
632,JNJ
633,JO
634,JOBS
635,JOBURG
636,JOT
637,JOY
638,JP
639,JPMORGAN
640,JPRS
641,JUEGOS
642,JUNIPER
643,KAUFEN
644,KDDI
645,KE
646,KERRYHOTELS
647,KERRYLOGISTICS
648,KERRYPROPERTIES
649,KFH
650,KG
651,KH
652,KI
653,KIA
654,KIDS
655,KIM
656,KINDER
657,KINDLE
658,KITCHEN
659,KIWI
660,KM
661,KN
662,KOELN
663,KOMATSU
664,KOSHER
665,KP
666,KPMG
667,KPN
668,KR
669,KRD
670,KRED
671,KUOKGROUP
672,KW
673,KY
674,KYOTO
675,KZ
676,LA
677,LACAIXA
678,LAMBORGHINI
679,LAMER
680,LANCASTER
681,LANCIA
682,LAND
683,LANDROVER
684,LANXESS
685,LASALLE
686,LAT
687,LATINO
688,LATROBE
689,LAW
690,LAWYER
691,LB
692,LC
693,LDS
694,LEASE
695,LECLERC
696,LEFRAK
697,LEGAL
698,LEGO
699,LEXUS
700,LGBT
701,LI
702,LIDL
703,LIFE
704,LIFEINSURANCE
705,LIFESTYLE
706,LIGHTING
707,LIKE
708,LILLY
709,LIMITED
710,LIMO
711,LINCOLN
712,LINDE
713,LINK
714,LIPSY
715,LIVE
716,LIVING
717,LK
718,LLC
719,LLP
720,LOAN
721,LOANS
722,LOCKER
723,LOCUS
724,LOFT
725,LOL
726,LONDON
727,LOTTE
728,LOTTO
729,LOVE
730,LPL
731,LPLFINANCIAL
732,LR
733,LS
734,LT
735,LTD
736,LTDA
737,LU
738,LUNDBECK
739,LUXE
740,LUXURY
741,LV
742,LY
743,MA
744,MACYS
745,MADRID
746,MAIF
747,MAISON
748,MAKEUP
749,MAN
750,MANAGEMENT
751,MANGO
752,MAP
753,MARKET
754,MARKETING
755,MARKETS
756,MARRIOTT
757,MARSHALLS
758,MASERATI
759,MATTEL
760,MBA
761,MC
762,MCKINSEY
763,MD
764,ME
765,MED
766,MEDIA
767,MEET
768,MELBOURNE
769,MEME
770,MEMORIAL
771,MEN
772,MENU
773,MERCKMSD
774,MG
775,MH
776,MIAMI
777,MICROSOFT
778,MIL
779,MINI
780,MINT
781,MIT
782,MITSUBISHI
783,MK
784,ML
785,MLB
786,MLS
787,MM
788,MMA
789,MN
790,MO
791,MOBI
792,MOBILE
793,MODA
794,MOE
795,MOI
796,MOM
797,MONASH
798,MONEY
799,MONSTER
800,MORMON
801,MORTGAGE
802,MOSCOW
803,MOTO
804,MOTORCYCLES
805,MOV
806,MOVIE
807,MP
808,MQ
809,MR
810,MS
811,MSD
812,MT
813,MTN
814,MTR
815,MU
816,MUSEUM
817,MUSIC
818,MUTUAL
819,MV
820,MW
821,MX
822,MY
823,MZ
824,NA
825,NAB
826,NAGOYA
827,NAME
828,NATURA
829,NAVY
830,NBA
831,NC
832,NE
833,NEC
834,NET
835,NETBANK
836,NETFLIX
837,NETWORK
838,NEUSTAR
839,NEW
840,NEWS
841,NEXT
842,NEXTDIRECT
843,NEXUS
844,NF
845,NFL
846,NG
847,NGO
848,NHK
849,NI
850,NICO
851,NIKE
852,NIKON
853,NINJA
854,NISSAN
855,NISSAY
856,NL
857,NO
858,NOKIA
859,NORTHWESTERNMUTUAL
860,NORTON
861,NOW
862,NOWRUZ
863,NOWTV
864,NP
865,NR
866,NRA
867,NRW
868,NTT
869,NU
870,NYC
871,NZ
872,OBI
873,OBSERVER
874,OFFICE
875,OKINAWA
876,OLAYAN
877,OLAYANGROUP
878,OLDNAVY
879,OLLO
880,OM
881,OMEGA
882,ONE
883,ONG
884,ONL
885,ONLINE
886,OOO
887,OPEN
888,ORACLE
889,ORANGE
890,ORG
891,ORGANIC
892,ORIGINS
893,OSAKA
894,OTSUKA
895,OTT
896,OVH
897,PA
898,PAGE
899,PANASONIC
900,PARIS
901,PARS
902,PARTNERS
903,PARTS
904,PARTY
905,PASSAGENS
906,PAY
907,PCCW
908,PE
909,PET
910,PF
911,PFIZER
912,PG
913,PH
914,PHARMACY
915,PHD
916,PHILIPS
917,PHONE
918,PHOTO
919,PHOTOGRAPHY
920,PHOTOS
921,PHYSIO
922,PICS
923,PICTET
924,PICTURES
925,PID
926,PIN
927,PING
928,PINK
929,PIONEER
930,PIZZA
931,PK
932,PL
933,PLACE
934,PLAY
935,PLAYSTATION
936,PLUMBING
937,PLUS
938,PM
939,PN
940,PNC
941,POHL
942,POKER
943,POLITIE
944,PORN
945,POST
946,PR
947,PRAMERICA
948,PRAXI
949,PRESS
950,PRIME
951,PRO
952,PROD
953,PRODUCTIONS
954,PROF
955,PROGRESSIVE
956,PROMO
957,PROPERTIES
958,PROPERTY
959,PROTECTION
960,PRU
961,PRUDENTIAL
962,PS
963,PT
964,PUB
965,PW
966,PWC
967,PY
968,QA
969,QPON
970,QUEBEC
971,QUEST
972,RACING
973,RADIO
974,RE
975,READ
976,REALESTATE
977,REALTOR
978,REALTY
979,RECIPES
980,RED
981,REDSTONE
982,REDUMBRELLA
983,REHAB
984,REISE
985,REISEN
986,REIT
987,RELIANCE
988,REN
989,RENT
990,RENTALS
991,REPAIR
992,REPORT
993,REPUBLICAN
994,REST
995,RESTAURANT
996,REVIEW
997,REVIEWS
998,REXROTH
999,RICH
1000,RICHARDLI
1001,RICOH
1002,RIL
1003,RIO
1004,RIP
1005,RO
1006,ROCHER
1007,ROCKS
1008,RODEO
1009,ROGERS
1010,ROOM
1011,RS
1012,RSVP
1013,RU
1014,RUGBY
1015,RUHR
1016,RUN
1017,RW
1018,RWE
1019,RYUKYU
1020,SA
1021,SAARLAND
1022,SAFE
1023,SAFETY
1024,SAKURA
1025,SALE
1026,SALON
1027,SAMSCLUB
1028,SAMSUNG
1029,SANDVIK
1030,SANDVIKCOROMANT
1031,SANOFI
1032,SAP
1033,SARL
1034,SAS
1035,SAVE
1036,SAXO
1037,SB
1038,SBI
1039,SBS
1040,SC
1041,SCA
1042,SCB
1043,SCHAEFFLER
1044,SCHMIDT
1045,SCHOLARSHIPS
1046,SCHOOL
1047,SCHULE
1048,SCHWARZ
1049,SCIENCE
1050,SCOT
1051,SD
1052,SE
1053,SEARCH
1054,SEAT
1055,SECURE
1056,SECURITY
1057,SEEK
1058,SELECT
1059,SENER
1060,SERVICES
1061,SES
1062,SEVEN
1063,SEW
1064,SEX
1065,SEXY
1066,SFR
1067,SG
1068,SH
1069,SHANGRILA
1070,SHARP
1071,SHAW
1072,SHELL
1073,SHIA
1074,SHIKSHA
1075,SHOES
1076,SHOP
1077,SHOPPING
1078,SHOUJI
1079,SHOW
1080,SHOWTIME
1081,SI
1082,SILK
1083,SINA
1084,SINGLES
1085,SITE
1086,SJ
1087,SK
1088,SKI
1089,SKIN
1090,SKY
1091,SKYPE
1092,SL
1093,SLING
1094,SM
1095,SMART
1096,SMILE
1097,SN
1098,SNCF
1099,SO
1100,SOCCER
1101,SOCIAL
1102,SOFTBANK
1103,SOFTWARE
1104,SOHU
1105,SOLAR
1106,SOLUTIONS
1107,SONG
1108,SONY
1109,SOY
1110,SPA
1111,SPACE
1112,SPORT
1113,SPOT
1114,SR
1115,SRL
1116,SS
1117,ST
1118,STADA
1119,STAPLES
1120,STAR
1121,STATEBANK
1122,STATEFARM
1123,STC
1124,STCGROUP
1125,STOCKHOLM
1126,STORAGE
1127,STORE
1128,STREAM
1129,STUDIO
1130,STUDY
1131,STYLE
1132,SU
1133,SUCKS
1134,SUPPLIES
1135,SUPPLY
1136,SUPPORT
1137,SURF
1138,SURGERY
1139,SUZUKI
1140,SV
1141,SWATCH
1142,SWISS
1143,SX
1144,SY
1145,SYDNEY
1146,SYSTEMS
1147,SZ
1148,TAB
1149,TAIPEI
1150,TALK
1151,TAOBAO
1152,TARGET
1153,TATAMOTORS
1154,TATAR
1155,TATTOO
1156,TAX
1157,TAXI
1158,TC
1159,TCI
1160,TD
1161,TDK
1162,TEAM
1163,TECH
1164,TECHNOLOGY
1165,TEL
1166,TEMASEK
1167,TENNIS
1168,TEVA
1169,TF
1170,TG
1171,TH
1172,THD
1173,THEATER
1174,THEATRE
1175,TIAA
1176,TICKETS
1177,TIENDA
1178,TIFFANY
1179,TIPS
1180,TIRES
1181,TIROL
1182,TJ
1183,TJMAXX
1184,TJX
1185,TK
1186,TKMAXX
1187,TL
1188,TM
1189,TMALL
1190,TN
1191,TO
1192,TODAY
1193,TOKYO
1194,TOOLS
1195,TOP
1196,TORAY
1197,TOSHIBA
1198,TOTAL
1199,TOURS
1200,TOWN
1201,TOYOTA
1202,TOYS
1203,TR
1204,TRADE
1205,TRADING
1206,TRAINING
1207,TRAVEL
1208,TRAVELCHANNEL
1209,TRAVELERS
1210,TRAVELERSINSURANCE
1211,TRUST
1212,TRV
1213,TT
1214,TUBE
1215,TUI
1216,TUNES
1217,TUSHU
1218,TV
1219,TVS
1220,TW
1221,TZ
1222,UA
1223,UBANK
1224,UBS
1225,UG
1226,UK
1227,UNICOM
1228,UNIVERSITY
1229,UNO
1230,UOL
1231,UPS
1232,US
1233,UY
1234,UZ
1235,VA
1236,VACATIONS
1237,VANA
1238,VANGUARD
1239,VC
1240,VE
1241,VEGAS
1242,VENTURES
1243,VERISIGN
1244,VERSICHERUNG
1245,VET
1246,VG
1247,VI
1248,VIAJES
1249,VIDEO
1250,VIG
1251,VIKING
1252,VILLAS
1253,VIN
1254,VIP
1255,VIRGIN
1256,VISA
1257,VISION
1258,VIVA
1259,VIVO
1260,VLAANDEREN
1261,VN
1262,VODKA
1263,VOLKSWAGEN
1264,VOLVO
1265,VOTE
1266,VOTING
1267,VOTO
1268,VOYAGE
1269,VU
1270,VUELOS
1271,WALES
1272,WALMART
1273,WALTER
1274,WANG
1275,WANGGOU
1276,WATCH
1277,WATCHES
1278,WEATHER
1279,WEATHERCHANNEL
1280,WEBCAM
1281,WEBER
1282,WEBSITE
1283,WED
1284,WEDDING
1285,WEIBO
1286,WEIR
1287,WF
1288,WHOSWHO
1289,WIEN
1290,WIKI
1291,WILLIAMHILL
1292,WIN
1293,WINDOWS
1294,WINE
1295,WINNERS
1296,WME
1297,WOLTERSKLUWER
1298,WOODSIDE
1299,WORK
1300,WORKS
1301,WORLD
1302,WOW
1303,WS
1304,WTC
1305,WTF
1306,XBOX
1307,XEROX
1308,XFINITY
1309,XIHUAN
1310,XIN
1311,XN--11B4C3D
1312,XN--1CK2E1B
1313,XN--1QQW23A
1314,XN--2SCRJ9C
1315,XN--30RR7Y
1316,XN--3BST00M
1317,XN--3DS443G
1318,XN--3E0B707E
1319,XN--3HCRJ9C
1320,XN--3PXU8K
1321,XN--42C2D9A
1322,XN--45BR5CYL
1323,XN--45BRJ9C
1324,XN--45Q11C
1325,XN--4DBRK0CE
1326,XN--4GBRIM
1327,XN--54B7FTA0CC
1328,XN--55QW42G
1329,XN--55QX5D
1330,XN--5SU34J936BGSG
1331,XN--5TZM5G
1332,XN--6FRZ82G
1333,XN--6QQ986B3XL
1334,XN--80ADXHKS
1335,XN--80AO21A
1336,XN--80AQECDR1A
1337,XN--80ASEHDB
1338,XN--80ASWG
1339,XN--8Y0A063A
1340,XN--90A3AC
1341,XN--90AE
1342,XN--90AIS
1343,XN--9DBQ2A
1344,XN--9ET52U
1345,XN--9KRT00A
1346,XN--B4W605FERD
1347,XN--BCK1B9A5DRE4C
1348,XN--C1AVG
1349,XN--C2BR7G
1350,XN--CCK2B3B
1351,XN--CCKWCXETD
1352,XN--CG4BKI
1353,XN--CLCHC0EA0B2G2A9GCD
1354,XN--CZR694B
1355,XN--CZRS0T
1356,XN--CZRU2D
1357,XN--D1ACJ3B
1358,XN--D1ALF
1359,XN--E1A4C
1360,XN--ECKVDTC9D
1361,XN--EFVY88H
1362,XN--FCT429K
1363,XN--FHBEI
1364,XN--FIQ228C5HS
1365,XN--FIQ64B
1366,XN--FIQS8S
1367,XN--FIQZ9S
1368,XN--FJQ720A
1369,XN--FLW351E
1370,XN--FPCRJ9C3D
1371,XN--FZC2C9E2C
1372,XN--FZYS8D69UVGM
1373,XN--G2XX48C
1374,XN--GCKR3F0F
1375,XN--GECRJ9C
1376,XN--GK3AT1E
1377,XN--H2BREG3EVE
1378,XN--H2BRJ9C
1379,XN--H2BRJ9C8C
1380,XN--HXT814E
1381,XN--I1B6B1A6A2E
1382,XN--IMR513N
1383,XN--IO0A7I
1384,XN--J1AEF
1385,XN--J1AMH
1386,XN--J6W193G
1387,XN--JLQ480N2RG
1388,XN--JLQ61U9W7B
1389,XN--JVR189M
1390,XN--KCRX77D1X4A
1391,XN--KPRW13D
1392,XN--KPRY57D
1393,XN--KPUT3I
1394,XN--L1ACC
1395,XN--LGBBAT1AD8J
1396,XN--MGB9AWBF
1397,XN--MGBA3A3EJT
1398,XN--MGBA3A4F16A
1399,XN--MGBA7C0BBN0A
1400,XN--MGBAAKC7DVF
1401,XN--MGBAAM7A8H
1402,XN--MGBAB2BD
1403,XN--MGBAH1A3HJKRD
1404,XN--MGBAI9AZGQP6J
1405,XN--MGBAYH7GPA
1406,XN--MGBBH1A
1407,XN--MGBBH1A71E
1408,XN--MGBC0A9AZCG
1409,XN--MGBCA7DZDO
1410,XN--MGBCPQ6GPA1A
1411,XN--MGBERP4A5D4AR
1412,XN--MGBGU82A
1413,XN--MGBI4ECEXP
1414,XN--MGBPL2FH
1415,XN--MGBT3DHD
1416,XN--MGBTX2B
1417,XN--MGBX4CD0AB
1418,XN--MIX891F
1419,XN--MK1BU44C
1420,XN--MXTQ1M
1421,XN--NGBC5AZD
1422,XN--NGBE9E0A
1423,XN--NGBRX
1424,XN--NODE
1425,XN--NQV7F
1426,XN--NQV7FS00EMA
1427,XN--NYQY26A
1428,XN--O3CW4H
1429,XN--OGBPF8FL
1430,XN--OTU796D
1431,XN--P1ACF
1432,XN--P1AI
1433,XN--PGBS0DH
1434,XN--PSSY2U
1435,XN--Q7CE6A
1436,XN--Q9JYB4C
1437,XN--QCKA1PMC
1438,XN--QXA6A
1439,XN--QXAM
1440,XN--RHQV96G
1441,XN--ROVU88B
1442,XN--RVC1E0AM3E
1443,XN--S9BRJ9C
1444,XN--SES554G
1445,XN--T60B56A
1446,XN--TCKWE
1447,XN--TIQ49XQYJ
1448,XN--UNUP4Y
1449,XN--VERMGENSBERATER-CTB
1450,XN--VERMGENSBERATUNG-PWB
1451,XN--VHQUV
1452,XN--VUQ861B
1453,XN--W4R85EL8FHU5DNRA
1454,XN--W4RS40L
1455,XN--WGBH1C
1456,XN--WGBL6A
1457,XN--XHQ521B
1458,XN--XKC2AL3HYE2A
1459,XN--XKC2DL3A5EE0H
1460,XN--Y9A3AQ
1461,XN--YFRO4I67O
1462,XN--YGBI2AMMX
1463,XN--ZFR164B
1464,XXX
1465,XYZ
1466,YACHTS
1467,YAHOO
1468,YAMAXUN
1469,YANDEX
1470,YE
1471,YODOBASHI
1472,YOGA
1473,YOKOHAMA
1474,YOU
1475,YOUTUBE
1476,YT
1477,YUN
1478,ZA
1479,ZAPPOS
1480,ZARA
1481,ZERO
1482,ZIP
1483,ZM
1484,ZONE
1485,ZUERICH
1486,ZW
